,Unnamed: 0,draft_num,draft_year,name,report,prediction,probability
184,30,208,2016,Ryan_Lohin,Committed to University of Massachusetts -Lowell.,False,0.7710272673848524
185,31,206,2016,Otto_Somppi,"Quebec league import with high skill and puck-handling ability. Has the skill to wiggle and weave through traffic and make plays. Quebec league import with high skill and puck-handling ability. An early season shoulder injury stalled his progress a bit. An aggressive push the pace set-up man who always is trying to get the opposition on their heels. Has the skill to wiggle and weave through traffic and make plays. He is quick and tenacious on the forecheck, pressuring opposing defenders into the bad puck decisions. He has a good shot which he releases quickly, and good touch when in close. Gets back his defensive zone and works hard to break things up and provide backside pressure away from the puck. Developmental centre-forward who needs to get thicker and be able to anchor down and hold possession.",True,0.6228115695457483
186,32,203,2016,Jake_Ryczek,Solid defensively and attacks on offense with reckless abandon. Big time one timer. Committed to Providence College.,False,0.5993543452954957
187,33,205,2016,Tyler_Soy,"When you see him on the sheet, he seems younger and thinner than everyone else. Has a really short compact stride and he keeps the feet moving the entire shift. Sees the surface well and is good at positioning himself, and anticipating the possible developing play. Is very undeveloped, and needs weight room work to make him able to compete in so many of the areas he now seems a lightweight in. If he can get stronger, he will be able to compete physcality in the areas necessary, his perimeter shot will get stronger, and he will get better in most areas. Good playmaker who needs much more weight to withstand the physicality his up tempo strong forechecking style causes. He has soft hands, is a good face-off man, and always keeps his feet in motion. Has long term upside, and already shows great hand-eye coordination, moves to the open areas in lanes, and seems to place the puck wherever he iswants it to go. Clearly the team that selects him will wait but there may be a strong payoff as he improves his physical development.",True,0.6815373019575978
188,34,201,2016,Ty_Ronning,"Once thought of as undersized and injury-prone, he started flying out of the ashes from the CHL prospects game and had a 30 goal and 59 point season, without the luxury of a high edn centreman to feed him the puck.  Relentless in puck pursuit, very similar to his father, Cliff, a former NHLer. A quick agile skater who attacks the goalie with patience and cuts and weaves fearlessly  in the attack zone, eventually having the goaltender commit and for him to capitalize. Can take a hit and make the play. Projects as a small fourth line NHLer with hustle and jump.",True,0.6574220224195766
189,35,200,2016,David_Quenneville,"Continues to impress all watchers with his Ivan Hlinka & World U-18 performances as a 5' 8"" defensemen with a big-time point shot, and high end offensive skills. Uses his thick, meaty fireplug body to hit players with authority. Very cool and rarely panics under pressure, always looking for the outlet pass.The stickling point is his size and making it work at the NHL level.",True,0.5233197104877131
190,36,199,2016,David_Bernhardt,"Solid two-way defender who has a good reach and stick to strip pucks and close lanes. Can be a dominant physical presence and probably need to continue to improve this aspect as his is how his pro bread will be buttered, not as an offense man, although he does have a heavy point shot. He can activate to join the play. Needs to improve pivots as attackers close try and fly-by.",False,0.568543085404824
191,37,197,2016,Mattias_Elfstrom,"A big winger who has great skating ability and gets to top speed fairly quickly. You don’t expect to see a prospect this big with the speed to breakaway from the junior defenders, but he does. After they play against him a few rushes, they see how he  forces them to back off. Displays a good strong shot, very good hands and an emerging physicality. He can beat you one on one, with a shot from the perimeter, or with body work. Projects as a player who can develop into a power player.",True,0.6104389206307356
192,38,194,2016,Brett_McKenzie,"A centre forward who projects as a long term developmental project at wing. Hard worker who handles the puck well, but must learn positioning discipline and play when doesn’t have it. Must support better. Must start to use his developing size, speed, and frame and engage contact, and work harder to get pucks back.",False,0.6471228516874072
193,39,193,2016,Nick_Pastujov,"Ellenton rink rat and Bradenton Florida native and USNTDP  Junior team member is solidly built six footer who is still developing, and has no weaknesses that will be impediments in the growth process. A lunch pail centre who might project to the wing, he finishes his checks and plays hard in both ends. Scored two important goals at the U-18 Five Nations in February. He has committed to the University of Michigan.",True,0.5201255397335347
194,40,192,2016,Jeremy_Davies,Committed to Northeastern University.,False,0.7380129174824819
195,41,195,2016,Benjamin_Finkelstein,Committed to St. Lawrence University.,False,0.7228458044031034
196,42,196,2016,Dmitry_Sokolov,"Has gone from a tiny high skilled forward to a solidly built one who can dominate with high end skill. Doesn’t possess high end jump but sees and reads the on ice situations to his advantage.Tends to over-carry the puck instead of advancing it to better scoring options. Very strong and solid with significant upside to project as a top nine player, if he could get more interest in being a factor when he doesn't have the puck. To this point, he seems like a player who oozes with upside, but has done very very little to apply his strengths in the team game.",True,0.6943389064503778
197,43,191,2016,Travis_Barron,"Powerful tenacious winger. and grinder candidate who loves to jam the front with abandon. At times has shown nice stick-handling skills and at times some elusiveness, but the fact remains there have been long stretches where he seems slow, behind the play and unable to form a cohesiveness with teammates to make “looks” that go into the back of the net. Truly disappointing growth, and his 15 goals (two in the five playoff games) can’t be viewed as reason to be excited if he still on the board in the third round.",True,0.6268027581349691
198,44,182,2016,Nikolai_Chebykin,"Big framed Russia centre-forward with decent puck skills, and boots. A long strider who can carry the biscuit, and score. Long term developmental project who needs work in may areas.",False,0.5997510283146086
199,45,181,2016,Joe_Masonius,Committed to the University of Connecticut.,False,0.747444010217868
200,46,189,2016,Austin_Osmanski,"Big bodied defender who projects as a shutdown guy. Makes good decisions and is positionall strong Has an active stick, and is strong at boxing out in front of his net. Strong already, but still is a work in progress.",False,0.6495282006309939
201,47,186,2016,Stepan_Falkovsky,"What the Belarusian behemoth has going for him is the Ottawa 67 import with the wingspan of a airplane, high end skills, and a rocket wrist shot that has lots behind it. On the downside, he is going to needs plenty of developmental time to learn the nuances of playing the defensive zone. And at this point he has no interest into using his physical gifts to strike terror in the hearts of opposing players. This is a grab and wait prospect.",True,0.5689286400194847
202,48,170,2016,Collin_Adams,Committed to the University of North Dakota.,False,0.72375179012074
203,49,169,2016,Tanner_Laczynski,"A forward who does most things well, but none spectacularly. Unselfish complementary player with a smart and unselfish game. Does all the little things that teams need to win. Drops back when one of his defenseman activates, works the wall and greasy areas. Will continue to develop his game in college, as he has committed to Ohio State University",False,0.6619254659417013
204,51,172,2016,Anthony_Salinitri,"Superb short stocky centre who is a top skater that can make plays at top speed. Dynamic top end skater with great jump and dangle at breakneck speed. A great skater whose balance makes tough to knock him off the puck. Any loose puck has a chance of being his because he works hard to unearth them and make chances for his team. A battler who doesn’t seem to view himself as the smaller guy and it can hurt him. He is so surprisingly quick and has a very deceptive shot. His puck skills let him set up his linemates, and he makes sure he is in position in the defensive end. Works hard, and leads by example. He is more of a long term prospect because he needs lots more core strength and then he will become a bigger threat.",True,0.7603328708010125
205,52,166,2016,Matthew_Phillips,Elite speed and agility that makes him elusive in the attack zone. Frightfully small and that will be an issue as he climbs the tiers to the pro game. Will some team take a chance that he grows and defeats the odds? Stay tuned.,True,0.6524045652368129
206,53,159,2016,Brandon_Hagel,A thin wing who wins pucks and controls tempo despite the lack of muscle and girth on his frame. A long term prospect who competes and has upside.,False,0.6207904842685262
207,54,154,2016,Jakob_Stukel,"Developing player with elite speed and feet. Gets the jump on defenders and shows up in scoring areas much quicker than they expect. Finds the soft spots surprises them with his scoring chances. Needs time to develop, but you can’t teach speed.",True,0.549045947337363
208,55,152,2016,Jack_Walker,"Third year eligible player who was recruited as a defenseman in 2012-2013, but switched to wing 20 games in and then back to defense 2013-14, and finally settled in as scoring winger last season potting 36 goals & 84 points during the regular season and 8 goals & 16 points in 13 WHL playoff games. The under six footer has always been fleet afoot and has now almost 180 pounds. He attended the Minnesota Wild's Development Camp in July,2015, continuing at the NHL Prospects Tournament in Traverse City, Mich., and extending into training camp, but the team in his home state didn’t offer him a contract, so he returned to Victoria, where things worked out.",True,0.5877123832361831
209,56,149,2016,Graham_McPhee,"Hard working winger with a bit of edge. He works hard in the battle areas and has in the past displayed some offensive upside, but still has been limited to a supporting roles, and was on the USA Under 18 team as a 4th line checker. He finishes his checks and makes space and comes in hard on the forecheck. He is good in puck pursuit, and is good on the PK. He is committed to Boston College, where he maybe able to develop the offensive of his game.",True,0.5900854772152628
210,57,143,2016,Mathias_From,"Big Danish wing who grew bigger during the summer. Plays  more of a power wing role, but has a decent shot and some skill. He is strong in back side pressure and solid defensively already.",False,0.5414543756101717
211,59,142,2016,Mikey_Eyssimont,"Colorado-born college Freshman who was a Freshman at St. Cloud State. He was named the 2016 North Star College Cup Most Valuable Player for his performance of five points (3G-2A) points in two tourney games, and helping the Huskie to their their first ever title.",True,0.5539164361953443
212,60,150,2016,Manuel_Wiederer,"A German import now in his last year of draft eligibility is in his first seaosn in the Q, where he can be arguably called a top two way forward in the league. Displays great skating and and ability as a shutdown forward, while scoring 30 goals and a point per game.",True,0.5682523233868821
213,61,137,2016,Jordan_Sambrook,"First year defender who has mobility, size physicality and confidence in his play. Very thin, but has room for his athletic frame. Strong on his pins with good edging and pivots. Is reliable and mistake free because he  patient and smart when carrying the puck or when he has has a chance to activate. Effective in all phases and lots of room to grow his game, and add muscle.",False,0.5327754545450563
214,62,138,2016,Patrick_Harper,Committed to Boston University.,False,0.7380129174824819
215,63,136,2016,Cameron_Clarke,"Second year eligible late bloomer who was good size and skills, and is committed to Ferris State University.",False,0.741561743949481
216,64,145,2016,Beck_Malenstyn,"Large bodied left winger who skates well and has good functional strength who finishes his checks and puts pressure on the opposition. Can generate chances. Will play hurt.Although more on straight line skater he has a strong burst with top end acceleration that allows him to get away from his checks. Strong player in the corners and battle areas. Separates opponents from the biscuit. Better when he keeps it simple, and looks for loose pucks continue to finish his checks (as he does) and makes quick decisions in his offensive zone possessions. Potential power wing.",True,0.6327308004616112
217,66,130,2016,Vojtech_Budik,"Czech import to the dub who already displays terrific defensive zone tools and has some upside to add the attack component. He is a long strider with a effortless glide and deceptive explosion when it is needed. An agile defender with excellent footwork and defensive awareness. Displays  high end hand-eye coordination, which helps in defending. Smartly boxes out attackers gap control; and positioning; spaces himself off the hip of the shooters and works from there. Makes outlet passes easily and can help his attack by moving in and applying pressure. A work in progress.",True,0.581036807096995
218,67,131,2016,Adam_Werner,Färjestad J20,False,0.5946464576495303
219,68,128,2016,Colton_Point,Big goalie who was the MVP for the Canadians Championship team in the CCHL. Committed to Colgate University.,False,0.5555760284113227
220,69,127,2016,Jordan_Stallard,A big framed off handed winger / centre who is starting to come into his own. Moves well and handles the biscuit at high speed. Fearless and willing to take the hit to make the play. Defensively aware and responsible and in the attack zone gets back and covers the point when the dee-man activates. Displays soft hands and can handle hard passes and advancing while on the move. Developing player who may get even better.,True,0.5742493216183912
221,70,124,2016,Casey_Staum,Commited to the University of Nebraska-Omaha,False,0.672429264108812
222,71,123,2016,Dylan_Wells,"One of the top goaltender prospects in the class, he has confidence, concentration and rebound control. Tracks puck very well and almost always makes the first save. Attacks rebounds with his soft pads and works his tail off in games and in practice. Has shown he can carry the heavy load game after game. Traffic in front doesn’t faze him, and plays the angles well.",True,0.6261286939828161
223,72,125,2016,Nolan_Stevens,The son of John Stevens is a creative centreman who thinks the game well and can stickhandle in a phone booth. He has a high hockey IQ and it shows in his competition. sees the ice and distributes the puck well on the give and go. Plays poised and calm. Has average speed at this juncture but a nice stride. He needs to be a whole lot stronger. Fearless in the dirty areas and very competitive in all roles he is asked to perform. Blocks shots.,True,0.6683087957234507
224,73,129,2016,Philip_Nyberg,Committed to the University of Wisconsin.,False,0.7557588657309208
227,76,126,2016,Mitchell_Mattson,"Big and really can skate well., and advances the puck well. Displays a strong stride, nice passing skills, and is committed to playing a 200 foot game. Needs to build his underdeveloped frame. Looks like he might project as the big centre teams look for.  So far he hasn't  blossomed into a scorer, but there is time  to develop in college as he has committed to the University of North Dakota.",False,0.5891621110722591
245,94,116,2016,Rhett_Gardner,Committed to the University of North Dakota.,False,0.72375179012074
247,96,119,2016,Tanner_Kaspick,"An elite shooter who finishes without any hesitation. Very strong on his skates, he capitalizes on any opening he is given, and is the guy no one saw sneak in for the backdoor play. Works hard on the forecheck.",True,0.6712678127669216
248,98,113,2016,Nathan_Noel,"Is trying to reprieve a disappointing 2013-14 season. He short and undersized at 174 pounds. He is a swift playerwho darts in on the rush and off the cycle. Has good scoring touch with his hard wrist shot, and is very agile. Provides nice feed and drop passes. Part of teh reason he was drafted two times before is it took him until this season to shown strong acceleration to go with his quickness, His defensive zone presence was almost almost nonexistent. Wasn't that strong on the puck with his carries or very creative or able to make passes to his teammates that show imagination. He was a nice centre-forward in the Q, but that doesn’t necessarily project him as a  pro until he improved those parts of his game. He has and added to his game taking up the role as an agitator and guy you just don't want to play against.Still far from ready to com pete for a role as a bottom six NHLer, he is working towards that goal.",True,0.6271816809354551
249,99,112,2016,Jacob_Moverare,"Swedish defender with good size, footwork, and stick. He doesn’t wow you with high offensive attack skills, but nonetheless is a very smart and responsible defenseman. He is an excellent backward skater with good physical package. A rangy defender who maintains his gaps and seems to make good decisions on when to attack the puck carrier and when to back off. His big stick gets in the passing lane and displays smart body placement in his end. He can take or receive a puck and quick change direction and transition the puck up-ice. He skating motions a bit stiff laterally, but there’s nor denying he can quickly get where he wants. He walks the blue line on the PP attack. Has a strong point shot but it’s accuracy and placement are areas for improvement. Simply doesn't seem to have the head to help comntribute much as an attacker. A prospect you let develop his feet and attack skills, but looks like a good safe bet for the team that will do just that.",True,0.6982984115491664
250,100,110,2016,Lucas_Carlsson,"Strong 200 foot defender good speed, passing ability and plays in all situations. Not overly large, and loses many one on one battles because of it. Very calm and composed with a good head to making the right defensive plays. Has a ways to develop and has a frame that will oblige. Not a true mailman with the puck, but has some upside.",False,0.5571698349760921
251,101,109,2016,Connor_Bunnaman,"Can be viewed as a ""Christ Tierney""  type player and selection. Doesn't play PP minutes, or compile huge scoring numbers, but plays a pro-style and projects as a third line centre who slide throughout and NHL teams line-up. Smart and competitive, with excellent North-South feet, distributes the puck well on the attack, and does all the things they make forwards succesful. Very strong on his stick, and great on the wall and down low. He plays against the top teams opposing lines and he is good in his own end. Very good in the dot, and he difficult to play against and even contain. You aren't drafting him with the idea he projects as a future top six guy; just a really good driven bottom of the roster competitor who you can trust to be out there.",True,0.6909417427421577
252,102,106,2016,Brandon_Duhaime,Committed to Providence College,False,0.6728545552119459
253,103,104,2016,Max_Zimmer,"Smart and skilled American wing who just may be the best pure skater in the draft. Aggressive and causes the opposing defense to cough up the puck. His stop/starts are off the charts, and causes fits. He has committed to the University of Wisconsin.",True,0.5520458920097877
254,104,103,2016,Todd_Burgess,Committed to Rensselaer Polytechnical Institute.,False,0.7108229060297446
255,105,102,2016,Mikhail_Maltsev,"Big Russian centre who has returned from a back injury that put him on the shelf last season. He displays speed, size, skill,soft hands, a strong stride, acceleration, and top gears. Hasn’t shown elite creativity, strong decision making or on-ice vision, but that might develop. Wins the puck and is strong when he has it. He moves well laterally and shield the puck well. You can count on him to plant himself in front the net and using his big body to get opportunities.",True,0.6884153443733757
256,107,111,2016,Noah_Gregor,"Undersized centre-forward with great skill and ability to generate offensive. Has high end attack instincts and the ability to create on both the PP and even strength. Not the biggest guy or the strongest skater, but he has a knack for finding the the right area with his quick smart passes and shots. A player still in the developmental stage. many areas are going need to improve to continue his upward spiral.  Has a quick stick recognition skills and ability to get loose. His defensive game is a work in progress, but can't be accused of not given effort in all three zones.",True,0.6134594384505068
257,108,97,2016,Jacob_Cederholm,"The jury is still out on this lanky Swedish defender who may be further away from the finished product than most. This is a very mobile big man is in his infancy in terms of reading the play, decision-making, and establishing position of the opposition. And after all that is sorted out, a bit more edge would be nice. Plays well when he simplifies his game. A long term developmental project who could develop with work.",False,0.5281856710324855
258,109,118,2016,Ross_Colton,Committed to the University of Vermont.,False,0.747444010217868
259,110,99,2016,Brett_Murray,"Sleeper with terrific size, good strength, and surprising skating agility. Handles the puck very well, and is not shy about using his size to get his way. His Canadians team won the CCHL championship.Has some offensive upside and scouts will give him close looks as the draft gets closer. He will grow his game at Penn State next season.",False,0.533731110451823
260,111,101,2016,Keaton_Middleton,"Big large defender who improved his four way mobility but still needs to improve his pivots. What you see is what you get: Big man on the backline who uses his size to cover the sheet and punish opponents. He still needs to get a better feel on the offensive side decision-making. Breaks up plays with stick and getting up close and personal. He is a good puck handler and receives fast hard passes well. Speedy players will beat him, and he has to improve his choices on the attack, but there may be a reward down the road to the team that takes time growing his game.",True,0.5841385261143753
261,112,96,2016,Linus_Lindstrom,"Smaller framed competitor with excellent mobility, although not a true top end skater. Good hockey IQ and plays a strong two-way game. Solid PP contributor. Looks more like a set up man, but has scoring ability. Needs plenty of weight room time and bulk.",False,0.599539616333153
262,113,93,2016,Jack_Kopacka,"Smart creative player with good puck skills, hands, a fluid stride and ability to beat defenders one on one. Needs to add edge and more strength.",False,0.5191190793426733
263,114,94,2016,Jonathan_Ang,"Has a two way game and his speed lets him pressure on the attack and support on the back-check. He is an example of a player who skates low to the ice and gets to top gear fast. His speed can cause problems to opponents. Being the fastest guy on the sheet doesn't help if you can't handle pucks, distribute them accurately or waiting too long to use your chance. It is not very helpful if you can't play to the speed you are gifted with. Needs to get bigger, thicker and stronger too.",True,0.6524962048232659
264,115,88,2016,Connor_Ingram,Western League netminder with long legs that effectively close down the bottom of the net Plays an aggressive style that has him out past the blue paint challenging shooters.,True,0.5375734640777827
265,116,87,2016,Garrett_Pilon,Improving DUB forward who you notice every shift. Has a high hockey IQ and fell. An excellent PK guy who can scorer short handed. There may be upside as he continues his upward improvement.,True,0.5832515923763091
266,117,86,2016,Casey_Fitzgerald,"Undersized offensive-minded defender with excellent jump, and quick hands. Is calm and has a strong stick and despite needing bulk and strength, he uses his lateral quickness and puck handling prowess to excel in the two way game. Committed to Boston College, but just might end up in the QMJHL in St. John.",True,0.5767120899172732
267,118,83,2016,Wouter_Peeters,"He won't turn 18 until the end of July but is playing in his third year with Red Bull Academy before planning to play in Finland next season. Last April, he convinced more than oe team that he had the athleticism size and ability to project as a possible NHL prospect. The team drafting him will probably want to come over and play in the USHL so they can work along side him to hone his game.",True,0.6487798782211356
268,119,82,2016,Carsen_Twarynski,Energy wing with good size and effort.,False,0.6892793766746741
269,120,84,2016,Matthew_Cairns,"Big quick defenseman who needs time at Cornell University to fix key flaws in his game and become of sum of many strong parts. At this juncture, he is best when he sticks to playing a strong physical game in his own end. He tries to become a puck carrier and mover and at this point lacks the vision to decide properly when to move it on, or doesn't get it to his options. College will give him an opportunity to improve his on-ice decisions.",True,0.5716998579062416
270,121,81,2016,Sean_Day,"Each player that was granted early entrance exceptional status into Canadian junior leagues are heaped with platitudes and criticized through strong microscopes. Continue up the ladder to the NHL takes a larger developmental commitment for a defensive prospect than a forward. Sean day has done little to justify he is exceptional except for gaining the tag as the most over-rated prospect in the OHL. If you are unclear on his history, his family and representation demanded he be let into the CHL early, based on his size, skating and skills coming up through Detroit’s Compuware -16 program. He has what amounts to a terrible season on and off the ice. He was sent home in December for attitude problems and requested a trade out of Mississauga. There were rumors that his camp was trying to force a trade to one specific junior team, London. The Steelheads refused to blink, and he remains their player. Despite all the ego and issues, the CHL invited him to the CHL Prospects Game. His size skills skating and shot have not rounded into a player and now have taken a backseat to the rest of his story.",True,0.6464918046659697
271,125,75,2016,Jack_LaFontaine,Committed to the University of Michigan.,False,0.7345880273782133
272,126,77,2016,Connor_Hall,"Solidly built showdown defenseman with good size and edge. Has good mobility and footwork, but projects as more of a stay at home defender who takes care of business protecting his teammates. Has really long arms and legs and is one of the bestl fist-fighter in the OHL. He isn't gonne join the rush, or push the pass in transition, just go back and get the puck and make the safe play out of the zone. He is best when he plays inside his comfort zone and makes those safe plays. Will get bigger and stronger.",True,0.5575390613860165
273,127,72,2016,J.D._Greenway,"Long-term developmental prospect who will be selected earlier than deserved based on his bloodlines and size.Has impressive physical tools and excellent feet for a big man. Thinks like an undersized offensiveman who wants to make a difference and break out and carry the length. Will need time, but there certainly are nice parts to work with.",False,0.6609485135798455
274,129,71,2016,Josh_Anderson,"A big defender who basically handles his end and then some.  Has a nasty streak as wide as his shoulders. Has very little up ice push, but makes his end a challenge for opposing players who are looking for him as much as the puck. A steady stay home guy who logs plenty of ice time, because of his feared presence. One of the younger prospects in the class.",False,0.5733417576966509
275,130,79,2016,Luke_Green,"Mobile Q defender with dynamic feet, separation gear, and top end acceleration. Constantly pushing the pace offensively Confident puck carrier with good hands and a quick release. hits the open man on the attack. Although not the finished product in his own end, he clearly has upside to be solid there based on his four direction mobility, ability to read and react, and the physicality that he has on occasion brought along. Just scratching the surface with the tools he has to develop. Still growing and will fill out. needs to get more muscle to compete the way he does as he climbs the ladder. His draft status asa first rounded has clouded, but there is plenty of time to improve before he gets auditions for the NHL.",True,0.6486712672840729
276,131,68,2016,Cam_Dineen,An offensive defenseman who sees the ice very well and passes the puck with creativity and authority. Needs plenty of work to improve his defensive play and try a get a bit bigger and stronger. Always head up looking to make plays. Committed to Yale University.,False,0.5514103170760541
277,132,70,2016,William_Bitten,"Lightweight speedster who is strong in his carries. His low center of gravity makes him hard to tag. Can score. Has soft, quick mitts and good IQ in the attack zone. Works hard and long on the forecheck, his size not an impediment. His set of gears and good anticipation yield many opportunities and the fact that he plays fearless in the dirty areas only makes opponents respect him more. Is committed and good with the biscuit in his own end. Doesn’t possess a big frame and is going to need weight room development to up the odds of his chances to make it. But you have to see his grit, desire and persistence as qualities that he can climb the rungs.",True,0.5298606033431108
278,133,78,2016,Frederic_Allard,"Nice puck moving defenseman with four way skating ability, good vision, foot speed, and agility. QBs the PP with good puck distribution, and no hesitation in attempts to activate into the slot when the attack calls. Can make the outlet pass well. Still has a ways to go in honing his defensive side, but long term there is a foundation to build on.",False,0.521424919092949
279,134,74,2016,Hudson_Elynuik,Son of former NHLer Pat is huge human with emerging hockey skills.,False,0.5244224365412865
280,136,64,2016,William_Lockwood,"Displays soft hands, quick moves and a persistent forecheck. Never stops flying around, and is difficult to get a bead on. Handles the puck very well at top speed, and can turn tight and separate from opponents. An under six footer with an average frame, he can be knocked of the puck, but is strong on his skates and the puck most of the time. A battler who plays fast with quick mitts.",True,0.6637567830918575
281,137,69,2016,Cliff_Pu,"Speedy playmaker who is buried lower in a superior London Knight forward lineup. Solid in most phases but has not yet taken any steps to appear to be a dominant player at this time, but NHL teams may feel he isworth a selection in the second round.",False,0.5195793634643979
282,138,62,2016,Joseph_Woll,"Missouri-born goaltender with long  arms and legs, but is still in the early stages of his development in terms of movement, instincts. Committed to Boston College.",False,0.5982572966753356
283,139,63,2016,Markus_Niemelainen,"Rising defensive import who is very tall and rangy. He displays an active long stick, and moreover, excellent four direction skating ability.  High end hockey sense and a calm poise aid his carries, even under heavy pressure. He makes that long stretch pass very well. Has the size and feet to knock attackers off the puck, retrieve it, and get it going the other way. physical attributes. He is still adjusting to the smaller North American ice surfaces, but the ability to adjust with quick reactions, and attack and defend continue to improve with each game. The small attackers don’t really get away from him and he is intelligent when part of the attack. Still developing, with great tools and toolbox, so it may take some time, but he will caught the attention of a NHL fairly early.Played well for his home country in the Worlds U-20.",True,0.6979321030763954
284,140,58,2016,Taylor_Raddysh,"Bullish winger who goes to the battle areas. A playmaking winger with a accurate release and heavy shot. Smart and positionally sound, he has a bit of edge and decent puck skills. Displays good vision and patience in his carries. Holds until the right moment, whether it be a carry off the wall and a quick pass, or as he sees linemates getting open. Has decent balance and movement but needs to build his acceleration and stop/start quickness.",True,0.5193894904279917
286,143,67,2016,Matt_Filipe,Big Centre-forward committed to the Northeastern University.,False,0.7001115053227536
291,148,66,2016,Adam_Fox,"Undersized defenseman who is excellent mobility an PP QB skills. Advances the puck very well because he sees the ice well. Good in transition. In the attack zone he passes the puck well towards the net. Pinches well. In his own end, he uses his feet to angle off attackers and close his gaps. The issue is his size, and whether he can advance and be successful in the higher levels of play. He has commited to Harvard University.",True,0.6729695131365596
325,184,55,2016,Filip_Gustavsson,"This right shooting goaler may possibly the best net minder prospect out of Sweden, he followed a shaky Swedish league start with an excellent World Junior as an integral component in most of the wins. Positionally strong, he keep movement to a minimum letting things come to him. Good going side to side, squares up on shooters, and is an athletic battler in the opposition gets to the net. Can over-commit, and still needs to build his game. As is the case with many Euro goalies, he plays a bit to deep in the net.",True,0.6613852791833218
326,185,54,2016,Tyler_Parsons,"It’s easy to say he is what he is because of the London Knight team in front of him, but he is a difference maker with key saves in most games.",True,0.7248142607748331
327,186,51,2016,Kale_Clague,"Poised puck hander with good vision, hockey sense, and offensive instincts. A strong transition player who has excellent four direction mobility and elite straight ahead acceleration. Displays good composure and is solid in his end at the junior level and stays home until he is sure he can join in on the attack. His feet aid not only his gap control, but let him burst in and disrupt their entrances. Gets his stick out and breaks up the passing lanes in opposition attacks. He is a good outlet passer in transition, able to get out of tight spaces and can jump up and join the attack and tear through the opposition neutral zone positioning. Terrific one timer, and a no-look pass/shot that is never telegraphed. Excellent touch passer and he can barrel across the blue line, fake a shot, and glide in closer for an even better one. Can get caught down low when he activates, but I can’t think of any NHL club that will have concerns about his size or long range upside.",True,0.6739391822108385
328,188,52,2016,Wade_Allison,Big winger with good speed and upward trending season's end. Committed to Western Michigan University.,False,0.6580568578038306
329,189,50,2016,Artur_Kayumov,"High speed up-tempo skter who is very shifty and can make plays at top speed. Easily gets separation and generates chances for his teammates. Sees the ice well and has soft hands. Very slight and far from ready. looks like a player a team selects and brings over to the CHL and watches to see if he can develop, get better and develop into a North American wing who actually works the wall and wins puck battles in the battle areas. Right now, he doesn't.",True,0.6043541377687605
330,191,46,2016,Givani_Smith,"Centre-forward with size, skating ability and plays an aggressive take the puck back style. He is at his bests goes to the front and plays tough. Projects as a NHL bottom six role player, and has a bit more skill than some would believe.",True,0.5339702981835945
331,193,45,2016,Chad_Krys,"A puck carrying defenseman who is a tad undersized and whose game strength is great offensive instincts and superior skating. Explosive bursts in his carries and loves to activate. Displays a precise outlet pass in transition. Is still a work in progress and a defender. Needs long term development to learn to play the defensive part of defenseman. Gets lost and even the quick feet don't help, when he can't seem to be in a position to defend. He is committed to Boston University where he can hone his game.",True,0.514890971434221
332,195,44,2016,Boris_Katchouk,"Meat and potatoes winger whose game involves strong physical combat with opposing players, and solid forecheck, strong work ethic, a deceptively hard accurate shot, and quick feet. Strong in puck pursuit and strong on the forecheck. Actully has pretty soft hands. Maybe the difference in selecting a player with high end upside and Katchouk, is he is going already be suited for growing in to a role as a checking winger as he climbs the ladder to higher levels of play. Disruptive and aggressive in keeping possession, there is no question that he has skills, nose for the net, skating ability, edge and the willingness to be an involved player for sixty minutes. And that might count for more than higher end abilities and no taste for the playing for and against “heavy game” players. Has dual Canadian and Russian citizenship.",True,0.6256876745706889
333,197,42,2016,Jonathan_Dahlen,Son of Ulf.,False,0.5946464576495303
334,199,40,2016,Cameron_Morrison,Big skilled winger who a rookie in the USHL.Committed to the University of Notre Dame.,False,0.6599039163028853
335,200,36,2016,Pascal_Laberge,"He wowed all with his opportunistic goal scoring in the Prospects game.Quick, agile forward with terrific stop/starts, change of direction and solid offensive instincts which make him dangerous in many ways in the attack zone. Decisively attacks with quick shots, passes, and even uses the enemy goaler’s pads to generate rebounds. A character individual who has handled real life adversity in the lats years, as he has had to carry the heavy emotion load of family sicknesses and losses. Plays quick. He is a work in progress as he needs to add weight and muscle to his 160 pound frame.",True,0.6548728276554364
336,202,34,2016,Andrew_Peeke,Right hander deeman who plays with an air of calm and smarts. hHas size and good mobility  and is a reliable three zone player. Strong into his pivots and backward stride. Has a good point shot and plays with some competitiveness although you would like to see a bit more snarl to his game. Committed to the  University of Notre Dame.,False,0.6835706989052481
337,206,33,2016,Rasmus_Asplund,"Played in the 5 Nations Tourney 2014 and was a member of his homeland’s team roster for the World Junior Under-20 at Christmas 2014. Slightly built centre wing who has great hands and commitment to improving his two way game. Displays good speed, hands, and Hockey IQ.  Not the biggest body, but is strong forechecker who win puck battles. A playmaker with creativity and good vision who plays big. With William Nylander’s World Junior Tourney injury, he played in his spot. Works hard in his own end, using his body and stick in lanes to take away opportunities by getting back quickly. He sees and reads the ice well and brings his teammate support by drawing attackers his way making space for them. His anticipation,nose for the net, and good hockey sense make his a player who can slide up and down the forward lines, and that will fall in his favor when draft time calls. His size may be a factor in where he is taken. Must continue to make his linemates better plays and continue improving his 200 foot game.",True,0.5578072609513652
338,207,32,2016,Tyler_Benson,"His Bantam and Midget resume tell of a consistent scorer/generator with a strong physical game. So far he has been asked to be an all situation player with the Giants, and hasn’t disappointed. Big bodied left wing with physicality and edginess. Displays a strong defensive game, hockey IQ, a nice skill set, and does all things at an above average levels.  And although he has a choppy stride, he is powerful and coupled with his high-end stickhandling skills and size, he fearless competes down low and in all the battle areas. Good on the cycle. An excellent passer and his precise shot and release are also high-end, although his assist totals surpass his goals. Usually the unprecise art of scout attempts to look at the entire canvass starting with the early age years and the question is asked is the prospects continuing to improve on his scoring, abilities and can he be projected as a player who will continue in improving ensuring a role on an NHL club whether it be top six or bottom six. The point is to project that you are drafting a player who eventually makes your parent club. I think that if his goal totals were a bit higher, there would be no questions that he makes the grade. I think his goal totals with continue upward and his development is far from over.",True,0.6251689228921451
339,210,25,2016,Riley_Tufte,"An enormous wing who was the standout player in the United States All-American Prospects game. He has the skills and acceleration that you see in much smaller forwards. Has a very fast game, eg. he moves and acts at a quick pace, and his huge size makes him almost unstoppable, as he can stickhandle in smaller spaces and in a smooth motion take off on the opposition with a power move to the net. Plays hard and will stand in the crease area like an unmovable object. Is good on the entire sheet. He supports the defenseman and is known to dig pucks out of his own end. He’s a Mack truck when he wants to go to the front and has been known to carry defenders along. Certainly not the finished product and there is always the level of competition that you have to weigh against the eyeball test, but you can’t deny the dynamic combination of skill, speed, size, soft hands, reach and quick release that is there. If only he was a little more belligerent, and more difficult to play against. Committed to the University of Minnesota-Duluth.",True,0.6788049950169882
340,212,28,2016,Lucas_Johansen,"Emerging defender who projects as a two way defender with strong balance and skating ability. The younger brother of Ryan is still a work in progress, but has size and is a very good puck mover and plays on both the penalty kill and the power play. Leads by example and can move attacker out of the front,  get in the lanes and break up passes, and he make that first pass out in transition and jump into the rush. Displays a very good point shot. Will play the body, but if he added a bit more aggression, he make it more difficult to play against him. Needs to get thicker and add weight and muscle.",True,0.5797676715972135
341,214,21,2016,Julien_Gauthier,"Big winger with a strong fluid with a terrific shot and release. He uses his body to take pucks away, and win possession battles in the offensive zone. A big man with soft hands, a great one-timer and a willingness to go in the dirty areas and in the front. He can change gears and surprise defenders by beating them off the wing. Q defenders get caught in denial thinking no way can a guy this big be that explosive. Needs to develop more as a play-maker, and get pucks to his linemates as well as they feed him. He is a a North-South skater who depends upon his linemates to get him the puck. His game needs rounding out, but looks like an excellent prospect.",True,0.6388310901273966
342,216,19,2016,Kieffer_Bellows,"Son of Brian is a hard driving power player who also has skill. Has size and gains advantage when he puts it to use. He is strong on the puck, shows a separation gear. Plays passionately ands on occasion gotten edgy.",True,0.5788873576738486
343,217,18,2016,Logan_Stanley," Giant defensemen with a great reach, and decent mobility for a youngster this size.Has an active stick and his length lets him close gaps, and Is exceedingly calm under pressure and despite the need to get stronger and bigger, he doesn't wilt in his defensive zone. Clearly needs quicker stop/starts and better acceleration, but most assuredly an NHL team or two will consider selecting him and letting him develop further.",True,0.5614511663374726
344,219,22,2016,German_Rubtsov,"Complete two-way performer with excellent size, skill and skating ability. His performance in the World Junior Challenge may have cemented his first round status. In that mid December tourney he seemed to single-handedly take apart the U.S. entry in all outcomes and all phases with his domination. Plays like it is his last game ever. Has really good size and East-West mobility which he uses in puck pursuit to get it back and get things going again. This big strong horse can force defenders backward and his ability to play strong on the puck has him holding it while teammates are able to find the soft spots. Opposing players tried to knock him off the puck but he keeps control and eventually goes to the net. If the seam closes, he with keep moving in possession until a teammate’s chance opens up. Walks out of the corners in control and hungry. Yet is difficult to project where Russian who are not playing in North America are slotted by the NHL staffs. 	Forward Denis Gurianov and goaler Ilya Samsonov went early in the first, but no other Russian went to mid-third round. It might be safe to say Rubtsov goes somewhere later than Samsonov and before the third round.",True,0.6702852653116009
345,230,5,2016,Olli_Juolevi,"Finnish import defenseman with a good frame and excellent offensive instincts. Displays significant upside as prospect who can eventually be a two way defender. Maintain good gaps and has an active stick. An excellent stickhandler who can be very poised with the puck. Is athletic and mobile and reads the ice well. Is a crisp long distance passer in transition and can also carry the mail out of the zone. Not adverse to going the rush, is an excellent PP QB, and has a strong hard point shot along with a long range writs shot. Very fluid and has a great feel for the offensive end. Has some physicality and will tie opponents on the wall.It is difficult to estimate exactly where he gets selected in the first round. There are plenty of reasons teams would value his vision and instinct in the attacking part of the game, but if you ask scouts which parts of junior defense’s games are most important, backward skating and handling the defensive part of the game rank rank high. He has trouble handling quicker forwards in his end, and also gets out-muscled in the dirty areas, along the wall and when in possession. He needs to get harder on the stick. These are parts of the game that can be improved upon and he does have a some bite to his game, so he is a pretty nice defensive prospect even with the parts he needs to develop.",True,0.6254191032865618
361,252,38,2016,Adam_Mascherin,"A sleeper drafted two season back by Florida. Decided to let him re-enter the draft since other NHL clubs didn't offer the second round pick they invested in his selection. He can thread a soft pass or score with his accurate heavy wrist shot. A short, thick centremen who bowls his way around the attack zone. Displays good skills in the attack zone. Not agile laterally or a blazer, he is an excellent North-South skater with speed and will push through defenders if he can find a path around. Strong on the puck in his carries. Displays excellent vision to make plays with his soft passes or his quick trigger. Needs to work on understanding defensive zone positioning. A work in progress that may not be tall but certainly is a tank.",True,0.6666899334117972
